-- MariaDB dump 10.19  Distrib 10.4.32-MariaDB, for Win64 (AMD64)
--
-- Host: localhost    Database: secure
-- ------------------------------------------------------
-- Server version	10.4.32-MariaDB

/*!40101 SET @OLD_CHARACTER_SET_CLIENT=@@CHARACTER_SET_CLIENT */;
/*!40101 SET @OLD_CHARACTER_SET_RESULTS=@@CHARACTER_SET_RESULTS */;
/*!40101 SET @OLD_COLLATION_CONNECTION=@@COLLATION_CONNECTION */;
/*!40101 SET NAMES utf8mb4 */;
/*!40103 SET @OLD_TIME_ZONE=@@TIME_ZONE */;
/*!40103 SET TIME_ZONE='+00:00' */;
/*!40014 SET @OLD_UNIQUE_CHECKS=@@UNIQUE_CHECKS, UNIQUE_CHECKS=0 */;
/*!40014 SET @OLD_FOREIGN_KEY_CHECKS=@@FOREIGN_KEY_CHECKS, FOREIGN_KEY_CHECKS=0 */;
/*!40101 SET @OLD_SQL_MODE=@@SQL_MODE, SQL_MODE='NO_AUTO_VALUE_ON_ZERO' */;
/*!40111 SET @OLD_SQL_NOTES=@@SQL_NOTES, SQL_NOTES=0 */;

--
-- Table structure for table `bbs`
--

DROP TABLE IF EXISTS `bbs`;
/*!40101 SET @saved_cs_client     = @@character_set_client */;
/*!40101 SET character_set_client = utf8 */;
CREATE TABLE `bbs` (
  `idx` int(11) NOT NULL AUTO_INCREMENT,
  `bid` tinyint(4) NOT NULL,
  `title` varchar(255) NOT NULL,
  `html` mediumtext NOT NULL,
  `id` varchar(50) NOT NULL,
  `file` varchar(255) DEFAULT NULL,
  `time` datetime NOT NULL DEFAULT current_timestamp(),
  PRIMARY KEY (`idx`)
) ENGINE=InnoDB AUTO_INCREMENT=12 DEFAULT CHARSET=utf8mb4 COLLATE=utf8mb4_general_ci;
/*!40101 SET character_set_client = @saved_cs_client */;

--
-- Dumping data for table `bbs`
--

LOCK TABLES `bbs` WRITE;
/*!40000 ALTER TABLE `bbs` DISABLE KEYS */;
INSERT INTO `bbs` VALUES (1,1,'첫번째','first 내용','test','','2024-12-04 12:44:30'),(2,1,'홈페이지로 글쓰기','테스트입니다.\r\n하나\r\n둘\r\n셋','test','','2024-12-04 14:46:07'),(3,2,'QnA 글쓰기','테스트 글쓰기 입니다ㅣ.','test','','2024-12-04 14:47:20'),(4,1,'<h1>큰 글씨 테스트</h1>','스크립트 테스트\r\n<script>for(var i=1; i<=3; i++){ alert(i) }</script>','test','','2024-12-04 15:20:51'),(5,1,'정상적인 글쓰기','결과값 확인해야 합니다.','test','','2024-12-04 15:25:53'),(6,1,'태그를 무력화 &lt;h1&gt;큰글씨&lt;/h1&gt; 테스트','스크립트 테스트\r\n&lt;script&gt;for(var i=1; i&lt;=3; i++){ alert(i) }&lt;/script&gt;','test','','2024-12-04 15:30:11'),(7,1,'따옴표 &#039;테스트&#039; 입니다.','따옴표 &amp;#039;테스트&amp;#039; 입니다.','test','','2024-12-04 15:35:33'),(8,1,'여러줄 테스트','여러줄 테스트','test','','2024-12-04 15:36:19'),(9,1,'&#039;따옴표&#039; 테스트 , &quot;큰따옴표&quot;','&#039;따옴표&#039; 테스트 , &quot;큰따옴표&quot;\r\n&#039;따옴표&#039; 테스트 , &quot;큰따옴표&quot;\r\n&#039;따옴표&#039; 테스트 , &quot;큰따옴표&quot;\r\n&#039;따옴표&#039; 테스트 , &quot;큰따옴표&quot;\r\n&#039;따옴표&#039; 테스트 , &quot;큰따옴표&quot;\r\n&#039;따옴표&#039; 테스트 , &quot;큰따옴표&quot;\r\n\r\n하나\r\n둘\r\n셋','test','','2024-12-04 15:37:00'),(10,1,'파일 테스트','파일 테스트\r\n파일 테스트','test','IMG_5865.png','2024-12-04 15:43:53'),(11,1,'script 파일 올리기','script 파일 올리기\r\nscript 파일 올리기','test','info.php','2024-12-04 15:46:57');
/*!40000 ALTER TABLE `bbs` ENABLE KEYS */;
UNLOCK TABLES;

--
-- Table structure for table `first`
--

DROP TABLE IF EXISTS `first`;
/*!40101 SET @saved_cs_client     = @@character_set_client */;
/*!40101 SET character_set_client = utf8 */;
CREATE TABLE `first` (
  `id` varchar(20) NOT NULL,
  `name` varchar(20) NOT NULL,
  PRIMARY KEY (`id`)
) ENGINE=InnoDB DEFAULT CHARSET=utf8mb4 COLLATE=utf8mb4_general_ci;
/*!40101 SET character_set_client = @saved_cs_client */;

--
-- Dumping data for table `first`
--

LOCK TABLES `first` WRITE;
/*!40000 ALTER TABLE `first` DISABLE KEYS */;
INSERT INTO `first` VALUES ('user1','세종대왕'),('user10','강감찬'),('user2','이순신'),('user3','신사임당'),('user4','율곡이이'),('user5','정약용'),('user6','김홍도'),('user7','장영실'),('user8','황희'),('user9','허준');
/*!40000 ALTER TABLE `first` ENABLE KEYS */;
UNLOCK TABLES;

--
-- Table structure for table `log`
--

DROP TABLE IF EXISTS `log`;
/*!40101 SET @saved_cs_client     = @@character_set_client */;
/*!40101 SET character_set_client = utf8 */;
CREATE TABLE `log` (
  `idx` int(11) NOT NULL AUTO_INCREMENT,
  `ip` varchar(45) NOT NULL,
  `id` varchar(255) NOT NULL,
  `work` varchar(255) NOT NULL,
  `time` datetime NOT NULL,
  PRIMARY KEY (`idx`)
) ENGINE=InnoDB AUTO_INCREMENT=2241 DEFAULT CHARSET=utf8mb4 COLLATE=utf8mb4_general_ci;
/*!40101 SET character_set_client = @saved_cs_client */;

--
-- Dumping data for table `log`
--

LOCK TABLES `log` WRITE;
/*!40000 ALTER TABLE `log` DISABLE KEYS */;
INSERT INTO `log` VALUES (2047,'202.2.156.108','test','cmd=log2','2024-12-05 15:35:58'),(2048,'200.235.192.14','test','cmd=log2','2024-12-05 15:36:01'),(2049,'192.137.94.80','test','cmd=log2','2024-12-05 15:36:05'),(2050,'229.55.67.131','test','cmd=log2','2024-12-05 15:36:08'),(2051,'188.102.180.247','test','cmd=log2','2024-12-05 15:36:11'),(2052,'106.202.29.7','test','cmd=log2','2024-12-05 15:36:14'),(2053,'137.72.232.104','test','cmd=log2','2024-12-05 15:36:18'),(2054,'188.30.248.74','test','','2024-12-05 15:36:20'),(2055,'75.54.77.126','test','cmd=log2','2024-12-05 15:36:21'),(2056,'47.233.54.212','test','cmd=brute2','2024-12-05 15:36:23'),(2057,'52.76.215.110','test','cmd=brute2&cnt=1','2024-12-05 15:36:23'),(2058,'146.140.207.56','test','cmd=brute2&cnt=2','2024-12-05 15:36:24'),(2059,'34.83.193.106','test','cmd=brute2&cnt=3','2024-12-05 15:36:24'),(2060,'152.70.27.184','test','cmd=brute2&cnt=4','2024-12-05 15:36:24'),(2061,'9.170.250.100','test','cmd=brute2&cnt=5','2024-12-05 15:36:24'),(2062,'249.169.194.167','test','cmd=brute2&cnt=6','2024-12-05 15:36:24'),(2063,'136.181.179.72','test','cmd=brute2&cnt=7','2024-12-05 15:36:24'),(2064,'146.44.44.132','test','cmd=brute2&cnt=8','2024-12-05 15:36:24'),(2065,'191.24.193.245','test','cmd=log2','2024-12-05 15:36:24'),(2066,'187.6.167.154','test','cmd=brute2&cnt=9','2024-12-05 15:36:24'),(2067,'132.174.60.210','test','cmd=brute2&cnt=10','2024-12-05 15:36:24'),(2068,'214.233.59.62','test','cmd=brute2&cnt=11','2024-12-05 15:36:24'),(2069,'207.132.198.19','test','cmd=brute2&cnt=12','2024-12-05 15:36:24'),(2070,'217.112.91.58','test','cmd=brute2&cnt=13','2024-12-05 15:36:24'),(2071,'149.113.184.154','test','cmd=brute2&cnt=14','2024-12-05 15:36:24'),(2072,'14.173.181.102','test','cmd=brute2&cnt=15','2024-12-05 15:36:24'),(2073,'3.188.208.222','test','cmd=brute2&cnt=16','2024-12-05 15:36:25'),(2074,'179.116.151.31','test','cmd=brute2&cnt=17','2024-12-05 15:36:25'),(2075,'103.63.15.40','test','cmd=brute2&cnt=18','2024-12-05 15:36:25'),(2076,'137.175.46.108','test','cmd=brute2&cnt=19','2024-12-05 15:36:25'),(2077,'125.223.6.121','test','cmd=brute2&cnt=20','2024-12-05 15:36:25'),(2078,'3.143.217.114','test','cmd=brute2&cnt=21','2024-12-05 15:36:25'),(2079,'115.154.156.236','test','cmd=brute2&cnt=22','2024-12-05 15:36:25'),(2080,'215.197.28.166','test','cmd=brute2&cnt=23','2024-12-05 15:36:25'),(2081,'251.20.23.171','test','cmd=brute2&cnt=24','2024-12-05 15:36:25'),(2082,'241.207.169.53','test','cmd=brute2&cnt=25','2024-12-05 15:36:25'),(2083,'93.220.122.211','test','cmd=brute2&cnt=26','2024-12-05 15:36:25'),(2084,'205.228.236.95','test','cmd=brute2&cnt=27','2024-12-05 15:36:25'),(2085,'208.62.219.38','test','cmd=brute2&cnt=28','2024-12-05 15:36:26'),(2086,'23.30.223.203','test','cmd=brute2&cnt=29','2024-12-05 15:36:26'),(2087,'59.137.205.76','test','cmd=brute2&cnt=30','2024-12-05 15:36:26'),(2088,'221.13.226.204','test','cmd=brute2&cnt=31','2024-12-05 15:36:26'),(2089,'26.207.231.161','test','cmd=brute2&cnt=32','2024-12-05 15:36:26'),(2090,'133.245.237.69','test','cmd=brute2&cnt=33','2024-12-05 15:36:26'),(2091,'173.120.177.217','test','cmd=brute2&cnt=34','2024-12-05 15:36:26'),(2092,'216.135.14.234','test','cmd=brute2&cnt=35','2024-12-05 15:36:26'),(2093,'189.68.228.123','test','cmd=brute2&cnt=36','2024-12-05 15:36:26'),(2094,'185.128.112.10','test','cmd=brute2&cnt=37','2024-12-05 15:36:26'),(2095,'218.155.55.57','test','cmd=brute2&cnt=38','2024-12-05 15:36:26'),(2096,'203.69.135.234','test','cmd=brute2&cnt=39','2024-12-05 15:36:26'),(2097,'34.208.123.4','test','cmd=brute2&cnt=40','2024-12-05 15:36:26'),(2098,'227.52.79.113','test','cmd=brute2&cnt=41','2024-12-05 15:36:27'),(2099,'240.154.24.191','test','cmd=brute2&cnt=42','2024-12-05 15:36:27'),(2100,'252.225.206.223','test','cmd=brute2&cnt=43','2024-12-05 15:36:27'),(2101,'39.218.204.202','test','cmd=brute2&cnt=44','2024-12-05 15:36:27'),(2102,'171.166.111.7','test','cmd=brute2&cnt=45','2024-12-05 15:36:27'),(2103,'252.143.78.164','test','cmd=brute2&cnt=46','2024-12-05 15:36:27'),(2104,'204.48.148.80','test','cmd=brute2&cnt=47','2024-12-05 15:36:27'),(2105,'119.221.124.130','test','cmd=brute2&cnt=48','2024-12-05 15:36:27'),(2106,'59.12.47.80','test','cmd=brute2&cnt=49','2024-12-05 15:36:27'),(2107,'162.19.150.130','test','cmd=log2','2024-12-05 15:36:27'),(2108,'133.242.232.196','test','cmd=brute2&cnt=50','2024-12-05 15:36:27'),(2109,'55.251.190.86','test','cmd=brute2&cnt=51','2024-12-05 15:36:27'),(2110,'234.142.91.16','test','cmd=brute2&cnt=52','2024-12-05 15:36:27'),(2111,'57.181.152.24','test','cmd=brute2&cnt=53','2024-12-05 15:36:27'),(2112,'253.238.111.206','test','cmd=brute2&cnt=54','2024-12-05 15:36:28'),(2113,'233.223.80.94','test','cmd=brute2&cnt=55','2024-12-05 15:36:28'),(2114,'64.153.148.245','test','cmd=brute2&cnt=56','2024-12-05 15:36:28'),(2115,'234.215.54.186','test','cmd=brute2&cnt=57','2024-12-05 15:36:28'),(2116,'16.143.168.80','test','cmd=brute2&cnt=58','2024-12-05 15:36:28'),(2117,'75.138.46.189','test','cmd=brute2&cnt=59','2024-12-05 15:36:28'),(2118,'224.189.201.212','test','cmd=brute2&cnt=60','2024-12-05 15:36:28'),(2119,'46.20.90.142','test','cmd=brute2&cnt=61','2024-12-05 15:36:28'),(2120,'58.204.142.90','test','cmd=brute2&cnt=62','2024-12-05 15:36:28'),(2121,'22.141.1.112','test','cmd=brute2&cnt=63','2024-12-05 15:36:28'),(2122,'96.43.47.33','test','cmd=brute2&cnt=64','2024-12-05 15:36:28'),(2123,'33.211.124.153','test','cmd=brute2&cnt=65','2024-12-05 15:36:28'),(2124,'169.16.175.37','test','cmd=brute2&cnt=66','2024-12-05 15:36:29'),(2125,'179.1.222.51','test','cmd=brute2&cnt=67','2024-12-05 15:36:29'),(2126,'77.43.194.99','test','cmd=brute2&cnt=68','2024-12-05 15:36:29'),(2127,'235.49.100.229','test','cmd=brute2&cnt=69','2024-12-05 15:36:29'),(2128,'183.75.226.91','test','cmd=brute2&cnt=70','2024-12-05 15:36:29'),(2129,'174.217.33.204','test','cmd=brute2&cnt=71','2024-12-05 15:36:29'),(2130,'198.150.154.252','test','cmd=brute2&cnt=72','2024-12-05 15:36:29'),(2131,'135.169.16.152','test','cmd=brute2&cnt=73','2024-12-05 15:36:29'),(2132,'113.225.124.152','test','cmd=brute2&cnt=74','2024-12-05 15:36:29'),(2133,'181.79.207.95','test','cmd=brute2&cnt=75','2024-12-05 15:36:29'),(2134,'42.182.145.158','test','cmd=brute2&cnt=76','2024-12-05 15:36:29'),(2135,'70.90.139.123','test','cmd=brute2&cnt=77','2024-12-05 15:36:29'),(2136,'93.78.35.188','test','cmd=brute2&cnt=78','2024-12-05 15:36:30'),(2137,'225.115.213.247','test','cmd=brute2&cnt=79','2024-12-05 15:36:30'),(2138,'19.253.227.142','test','cmd=brute2&cnt=80','2024-12-05 15:36:30'),(2139,'161.27.137.226','test','cmd=brute2&cnt=81','2024-12-05 15:36:30'),(2140,'112.254.111.86','test','cmd=brute2&cnt=82','2024-12-05 15:36:30'),(2141,'208.102.123.30','test','cmd=brute2&cnt=83','2024-12-05 15:36:30'),(2142,'147.46.85.21','test','cmd=brute2&cnt=84','2024-12-05 15:36:30'),(2143,'108.198.87.243','test','cmd=brute2&cnt=85','2024-12-05 15:36:30'),(2144,'215.208.86.54','test','cmd=brute2&cnt=86','2024-12-05 15:36:30'),(2145,'227.194.96.138','test','cmd=brute2&cnt=87','2024-12-05 15:36:30'),(2146,'47.93.14.117','test','cmd=brute2&cnt=88','2024-12-05 15:36:30'),(2147,'146.134.88.223','test','cmd=log2','2024-12-05 15:36:30'),(2148,'251.136.37.29','test','cmd=brute2&cnt=89','2024-12-05 15:36:30'),(2149,'143.128.169.74','test','cmd=brute2&cnt=90','2024-12-05 15:36:31'),(2150,'47.232.244.11','test','cmd=brute2&cnt=91','2024-12-05 15:36:31'),(2151,'245.75.170.188','test','cmd=brute2&cnt=92','2024-12-05 15:36:31'),(2152,'248.66.210.80','test','cmd=brute2&cnt=93','2024-12-05 15:36:31'),(2153,'166.135.154.90','test','cmd=brute2&cnt=94','2024-12-05 15:36:31'),(2154,'68.21.187.10','test','cmd=brute2&cnt=95','2024-12-05 15:36:31'),(2155,'112.202.224.33','test','cmd=brute2&cnt=96','2024-12-05 15:36:31'),(2156,'173.156.99.212','test','cmd=brute2&cnt=97','2024-12-05 15:36:31'),(2157,'202.136.174.198','test','cmd=brute2&cnt=98','2024-12-05 15:36:31'),(2158,'73.150.107.7','test','cmd=brute2&cnt=99','2024-12-05 15:36:31'),(2159,'131.192.28.121','test','cmd=brute2&cnt=100','2024-12-05 15:36:31'),(2160,'91.214.215.82','test','cmd=brute2&cnt=101','2024-12-05 15:36:31'),(2161,'92.236.231.162','test','cmd=brute2&cnt=102','2024-12-05 15:36:32'),(2162,'166.251.33.239','test','cmd=brute2&cnt=103','2024-12-05 15:36:32'),(2163,'219.73.23.103','test','cmd=brute2&cnt=104','2024-12-05 15:36:32'),(2164,'53.243.75.49','test','cmd=brute2&cnt=105','2024-12-05 15:36:32'),(2165,'178.41.58.248','test','cmd=brute2&cnt=106','2024-12-05 15:36:32'),(2166,'60.59.15.11','test','cmd=brute2&cnt=107','2024-12-05 15:36:32'),(2167,'169.6.209.65','test','cmd=brute2&cnt=108','2024-12-05 15:36:32'),(2168,'105.203.247.72','test','cmd=brute2&cnt=109','2024-12-05 15:36:32'),(2169,'86.123.156.121','test','cmd=brute2&cnt=110','2024-12-05 15:36:32'),(2170,'198.239.244.113','test','cmd=brute2&cnt=111','2024-12-05 15:36:32'),(2171,'229.240.17.163','test','cmd=brute2&cnt=112','2024-12-05 15:36:32'),(2172,'220.194.191.101','test','cmd=brute2&cnt=113','2024-12-05 15:36:32'),(2173,'164.194.5.1','test','cmd=brute2&cnt=114','2024-12-05 15:36:32'),(2174,'172.8.233.33','test','cmd=brute2&cnt=115','2024-12-05 15:36:33'),(2175,'200.179.104.100','test','cmd=brute2&cnt=116','2024-12-05 15:36:33'),(2176,'236.39.214.123','test','cmd=brute2&cnt=117','2024-12-05 15:36:33'),(2177,'122.246.139.97','test','cmd=brute2&cnt=118','2024-12-05 15:36:33'),(2178,'205.112.79.3','test','cmd=brute2&cnt=119','2024-12-05 15:36:33'),(2179,'243.220.36.42','test','cmd=brute2&cnt=120','2024-12-05 15:36:33'),(2180,'70.106.49.57','test','cmd=brute2&cnt=121','2024-12-05 15:36:33'),(2181,'81.212.86.234','test','cmd=brute2&cnt=122','2024-12-05 15:36:33'),(2182,'119.51.125.139','test','cmd=brute2&cnt=123','2024-12-05 15:36:33'),(2183,'237.63.251.33','test','cmd=log2','2024-12-05 15:36:34'),(2184,'8.13.146.139','test','cmd=log2','2024-12-05 15:36:37'),(2185,'10.159.80.183','test','cmd=log2','2024-12-05 15:36:40'),(2186,'237.25.34.249','test','cmd=log2','2024-12-05 15:36:43'),(2187,'191.119.117.191','test','cmd=log2','2024-12-05 15:36:47'),(2188,'251.224.64.77','test','cmd=log2','2024-12-05 15:36:51'),(2189,'164.150.239.168','test','cmd=log2','2024-12-05 15:36:55'),(2190,'153.225.49.146','test','cmd=log2','2024-12-05 15:36:59'),(2191,'244.234.85.166','test','cmd=log2','2024-12-05 15:37:03'),(2192,'101.153.120.252','test','cmd=log2','2024-12-05 15:37:06'),(2193,'89.242.7.111','test','cmd=log2','2024-12-05 15:37:10'),(2194,'100.250.235.172','test','cmd=log2','2024-12-05 15:37:13'),(2195,'179.42.11.146','test','cmd=log2','2024-12-05 15:37:16'),(2196,'160.153.116.88','test','cmd=log2','2024-12-05 15:37:19'),(2197,'71.169.35.214','test','cmd=log2','2024-12-05 15:37:22'),(2198,'46.195.93.206','test','cmd=log2','2024-12-05 15:37:26'),(2199,'190.254.247.209','test','cmd=log2','2024-12-05 15:37:29'),(2200,'118.57.23.131','test','cmd=log2','2024-12-05 15:37:32'),(2201,'239.94.87.162','test','cmd=log2','2024-12-05 15:37:35'),(2202,'40.126.180.145','test','cmd=log2','2024-12-05 15:37:39'),(2203,'203.172.249.167','test','cmd=log2','2024-12-05 15:37:42'),(2204,'113.202.234.67','test','cmd=log2','2024-12-05 15:37:45'),(2205,'111.158.20.202','test','cmd=log2','2024-12-05 15:37:48'),(2206,'175.86.69.221','test','cmd=log2','2024-12-05 15:37:51'),(2207,'246.111.109.35','test','cmd=log2','2024-12-05 15:37:55'),(2208,'216.184.27.45','test','cmd=log2','2024-12-05 15:37:58'),(2209,'52.243.11.5','test','cmd=log2','2024-12-05 15:38:01'),(2210,'185.145.157.62','test','cmd=log2','2024-12-05 15:38:04'),(2211,'157.178.118.7','test','cmd=log2','2024-12-05 15:38:08'),(2212,'189.148.194.62','test','cmd=log2','2024-12-05 15:38:12'),(2213,'176.167.78.218','test','cmd=log2','2024-12-05 15:38:16'),(2214,'180.80.108.218','test','cmd=log2','2024-12-05 15:38:20'),(2215,'99.9.252.165','test','cmd=log2','2024-12-05 15:38:24'),(2216,'173.35.170.183','test','cmd=log2','2024-12-05 15:38:28'),(2217,'36.68.185.146','test','cmd=log2','2024-12-05 15:38:32'),(2218,'226.173.232.156','test','cmd=log2','2024-12-05 15:38:36'),(2219,'135.164.202.169','test','cmd=log2','2024-12-05 15:38:40'),(2220,'250.240.186.62','test','cmd=log2','2024-12-05 15:38:44'),(2221,'164.236.166.79','test','cmd=log2','2024-12-05 15:38:48'),(2222,'5.166.44.134','test','cmd=log2','2024-12-05 15:38:52'),(2223,'69.225.102.18','test','cmd=log2','2024-12-05 15:38:56'),(2224,'33.170.134.173','test','cmd=log2','2024-12-05 15:39:00'),(2225,'241.5.115.147','test','cmd=log2','2024-12-05 15:39:04'),(2226,'213.21.108.67','test','cmd=log2','2024-12-05 15:39:08'),(2227,'116.159.188.37','test','cmd=log2','2024-12-05 15:39:12'),(2228,'206.251.112.216','test','cmd=log2','2024-12-05 15:39:16'),(2229,'183.56.116.195','test','cmd=log2','2024-12-05 15:39:20'),(2230,'71.230.208.166','test','cmd=log2','2024-12-05 15:39:24'),(2231,'47.95.239.134','test','cmd=log2','2024-12-05 15:39:28'),(2232,'89.97.30.159','test','cmd=log2','2024-12-05 15:39:32'),(2233,'108.171.114.142','test','cmd=log2','2024-12-05 15:39:36'),(2234,'64.122.89.65','test','cmd=log2','2024-12-05 15:39:40'),(2235,'175.5.221.54','test','cmd=log2','2024-12-05 15:39:44'),(2236,'209.86.196.103','test','cmd=log2','2024-12-05 15:39:48'),(2237,'204.229.145.107','test','cmd=log2','2024-12-05 15:39:52'),(2238,'101.242.228.48','test','cmd=log2','2024-12-05 15:39:56'),(2239,'83.58.134.186','test','cmd=log2','2024-12-05 15:40:00'),(2240,'218.103.134.66','test','cmd=log2','2024-12-05 15:40:04');
/*!40000 ALTER TABLE `log` ENABLE KEYS */;
UNLOCK TABLES;

--
-- Table structure for table `sensor`
--

DROP TABLE IF EXISTS `sensor`;
/*!40101 SET @saved_cs_client     = @@character_set_client */;
/*!40101 SET character_set_client = utf8 */;
CREATE TABLE `sensor` (
  `idx` int(11) NOT NULL AUTO_INCREMENT,
  `temp` float NOT NULL,
  `hum` float NOT NULL,
  `time` datetime NOT NULL DEFAULT current_timestamp(),
  PRIMARY KEY (`idx`)
) ENGINE=InnoDB AUTO_INCREMENT=655 DEFAULT CHARSET=utf8mb4 COLLATE=utf8mb4_general_ci;
/*!40101 SET character_set_client = @saved_cs_client */;

--
-- Dumping data for table `sensor`
--

LOCK TABLES `sensor` WRITE;
/*!40000 ALTER TABLE `sensor` DISABLE KEYS */;
INSERT INTO `sensor` VALUES (1,30.4,51.32,'2024-12-04 16:58:13'),(2,30.62,50.82,'2024-12-04 16:58:16'),(3,30.38,51.92,'2024-12-04 16:58:19'),(4,30.16,50.46,'2024-12-04 16:58:22'),(5,30.29,51.72,'2024-12-04 16:58:26'),(6,30.75,51.01,'2024-12-04 16:58:30'),(7,30.41,50.23,'2024-12-04 16:58:34'),(8,30.11,50.62,'2024-12-04 16:58:38'),(9,30.12,51.3,'2024-12-04 16:58:42'),(10,30.59,50.97,'2024-12-04 16:58:46'),(11,30.13,50.45,'2024-12-04 16:58:50'),(12,30.55,50.06,'2024-12-04 16:58:54'),(13,30.85,50.98,'2024-12-04 16:58:58'),(14,30.7,51.24,'2024-12-04 16:59:02'),(15,30.73,50.77,'2024-12-04 16:59:06'),(16,30.91,50.23,'2024-12-04 16:59:10'),(17,30.95,52,'2024-12-04 16:59:14'),(18,30.26,51.04,'2024-12-04 16:59:18'),(19,30.93,50.1,'2024-12-04 16:59:22'),(20,30.52,51.57,'2024-12-04 16:59:26'),(21,30.62,51.71,'2024-12-04 16:59:30'),(22,30.02,50.48,'2024-12-04 16:59:34'),(23,30.42,50.71,'2024-12-04 16:59:38'),(24,30.96,50.98,'2024-12-04 16:59:42'),(25,30.92,50.39,'2024-12-04 16:59:46'),(26,30.24,50.98,'2024-12-04 16:59:50'),(27,30.84,51.9,'2024-12-04 16:59:54'),(28,30.32,51.56,'2024-12-04 16:59:58'),(29,30.74,50.07,'2024-12-04 17:00:02'),(30,30.44,50.9,'2024-12-04 17:00:06'),(31,30.79,50.09,'2024-12-04 17:00:10'),(32,31,51.85,'2024-12-04 17:00:13'),(33,30.38,51.37,'2024-12-04 17:00:16'),(34,30.37,50.14,'2024-12-04 17:00:20'),(35,30.24,50.21,'2024-12-04 17:00:24'),(36,30.33,50.16,'2024-12-04 17:00:28'),(37,30.51,51.51,'2024-12-04 17:00:32'),(38,30.5,51.04,'2024-12-04 17:00:36'),(39,30.81,50.82,'2024-12-04 17:00:40'),(40,30.94,50.66,'2024-12-04 17:00:44'),(41,30.61,50.6,'2024-12-04 17:04:48'),(42,30.27,51.12,'2024-12-04 17:04:52'),(43,30.03,51.21,'2024-12-04 17:04:56'),(44,30.89,50.08,'2024-12-04 17:05:00'),(45,30.11,51.21,'2024-12-04 17:05:04'),(46,30.11,50.92,'2024-12-04 17:05:08'),(47,30.62,51.34,'2024-12-04 17:05:12'),(48,30.04,50.15,'2024-12-04 17:05:16'),(49,30.55,50.01,'2024-12-04 17:05:20'),(50,30.41,51.46,'2024-12-04 17:05:24'),(51,30.01,51.06,'2024-12-04 17:05:28'),(52,30.39,50.57,'2024-12-04 17:05:32'),(53,30.93,50.68,'2024-12-04 17:05:36'),(54,30.13,51.45,'2024-12-04 17:05:40'),(55,60.57,31.43,'2024-12-04 17:05:44'),(56,60.23,31.48,'2024-12-04 17:05:48'),(57,60.95,31.99,'2024-12-04 17:05:52'),(58,60.13,31.66,'2024-12-04 17:05:56'),(59,60.5,31.4,'2024-12-04 17:06:00'),(60,60.88,30.33,'2024-12-04 17:06:04'),(61,60.28,31.86,'2024-12-04 17:06:08'),(62,60.59,30.47,'2024-12-04 17:06:12'),(63,60.22,30.96,'2024-12-04 17:06:16'),(64,60.12,31.14,'2024-12-04 17:06:20'),(65,60.5,31.44,'2024-12-04 17:06:24'),(66,60.14,31.87,'2024-12-04 17:06:28'),(67,60.98,30.41,'2024-12-04 17:06:32'),(68,60.51,30.22,'2024-12-04 17:06:36'),(69,60.69,30.79,'2024-12-04 17:06:40'),(70,60.05,30.09,'2024-12-04 17:06:44'),(71,60.74,31.41,'2024-12-04 17:06:48'),(72,60.71,30.45,'2024-12-04 17:06:52'),(73,60,31.46,'2024-12-04 17:06:56'),(74,60.84,30.55,'2024-12-04 17:07:00'),(75,60.82,31.58,'2024-12-04 17:07:04'),(76,60.96,31.98,'2024-12-04 17:07:08'),(77,60.92,30.91,'2024-12-04 17:07:12'),(78,60.9,30.46,'2024-12-04 17:07:16'),(79,60.82,31.4,'2024-12-04 17:07:20'),(80,60.2,30.35,'2024-12-04 17:07:24'),(81,60.63,31.32,'2024-12-04 17:07:28'),(82,60.13,31.15,'2024-12-04 17:07:32'),(83,60.53,31.13,'2024-12-04 17:07:36'),(84,60.08,31.06,'2024-12-04 17:07:40'),(85,60.85,30.22,'2024-12-04 17:07:44'),(86,60.33,31.27,'2024-12-04 17:07:48'),(87,60.83,31.97,'2024-12-05 08:53:45'),(88,60.89,30.03,'2024-12-05 08:53:48'),(89,60.55,30.34,'2024-12-05 08:53:52'),(90,60.16,30.25,'2024-12-05 08:53:56'),(91,61,31.63,'2024-12-05 08:54:00'),(92,60.05,31.01,'2024-12-05 08:54:04'),(93,60.44,31.69,'2024-12-05 08:54:08'),(94,60.07,31.47,'2024-12-05 08:54:12'),(95,60.84,30.84,'2024-12-05 08:54:16'),(96,60.11,31.06,'2024-12-05 08:54:20'),(97,60.45,30.53,'2024-12-05 08:54:24'),(98,60.32,30.77,'2024-12-05 08:54:28'),(99,60.66,31.09,'2024-12-05 08:54:32'),(100,60.14,30.19,'2024-12-05 08:54:36'),(101,60.96,31.6,'2024-12-05 08:54:40'),(102,60.11,31.37,'2024-12-05 08:54:44'),(103,60.12,31.44,'2024-12-05 08:54:48'),(104,60.4,30.91,'2024-12-05 08:54:52'),(105,60.41,30.92,'2024-12-05 08:54:56'),(106,60.8,30.34,'2024-12-05 08:55:00'),(107,60,30.05,'2024-12-05 08:55:04'),(108,60.34,31.74,'2024-12-05 08:55:08'),(109,60.59,31.97,'2024-12-05 08:55:12'),(110,60.93,30.46,'2024-12-05 08:55:16'),(111,60.17,31.37,'2024-12-05 08:55:20'),(112,60.13,32,'2024-12-05 08:55:24'),(113,60.95,30.72,'2024-12-05 08:55:28'),(114,60.16,31.57,'2024-12-05 08:55:32'),(115,60.25,30.29,'2024-12-05 08:55:36'),(116,60.12,30.77,'2024-12-05 08:55:40'),(117,60.84,30.71,'2024-12-05 08:55:44'),(118,60.92,30.21,'2024-12-05 08:55:48'),(119,60.73,30.23,'2024-12-05 08:55:52'),(120,60.84,31.81,'2024-12-05 08:55:56'),(121,60.18,30.53,'2024-12-05 08:56:00'),(122,60.04,31.52,'2024-12-05 08:56:04'),(123,60.65,31.43,'2024-12-05 08:56:08'),(124,60.91,30.39,'2024-12-05 08:56:12'),(125,60.96,30.85,'2024-12-05 08:56:16'),(126,60.36,31.83,'2024-12-05 08:56:20'),(127,60.91,30.89,'2024-12-05 08:56:24'),(128,60.19,30.3,'2024-12-05 08:56:28'),(129,60.39,30.25,'2024-12-05 08:56:32'),(130,60.18,31.51,'2024-12-05 08:56:36'),(131,60.07,31.71,'2024-12-05 08:56:40'),(132,60.71,30.31,'2024-12-05 08:56:44'),(133,60.37,31.71,'2024-12-05 08:56:48'),(134,60.22,32,'2024-12-05 08:56:52'),(135,60.71,31.53,'2024-12-05 08:56:56'),(136,60.43,31.59,'2024-12-05 08:57:00'),(137,60.83,30.03,'2024-12-05 08:57:04'),(138,60.67,31.3,'2024-12-05 08:57:08'),(139,60.26,31.21,'2024-12-05 08:57:12'),(140,60.85,30.57,'2024-12-05 08:57:16'),(141,60.79,30.06,'2024-12-05 08:57:20'),(142,60.14,30.08,'2024-12-05 08:57:24'),(143,60.63,31.46,'2024-12-05 08:57:28'),(144,60.94,30.77,'2024-12-05 08:57:32'),(145,60.78,30.85,'2024-12-05 08:57:36'),(146,60.11,30.91,'2024-12-05 08:57:40'),(147,60.62,30.88,'2024-12-05 08:57:44'),(148,60.89,30.41,'2024-12-05 08:57:48'),(149,60.97,31.77,'2024-12-05 08:57:52'),(150,60.64,30.73,'2024-12-05 08:57:56'),(151,60.55,31.76,'2024-12-05 08:58:00'),(152,60.16,31.99,'2024-12-05 08:58:04'),(153,60.74,30.74,'2024-12-05 08:58:08'),(154,60.87,30.91,'2024-12-05 08:58:12'),(155,60.57,31.44,'2024-12-05 08:58:16'),(156,60.79,30.29,'2024-12-05 08:58:20'),(157,60.86,30.99,'2024-12-05 08:58:24'),(158,60.96,31.92,'2024-12-05 08:58:28'),(159,60.9,31.3,'2024-12-05 08:58:32'),(160,60.94,31.45,'2024-12-05 08:58:36'),(161,60.95,31.72,'2024-12-05 08:58:40'),(162,60.01,31.99,'2024-12-05 08:58:44'),(163,60.28,31.55,'2024-12-05 08:58:48'),(164,60,30.25,'2024-12-05 08:58:52'),(165,60.54,30.08,'2024-12-05 08:58:56'),(166,60.84,30.83,'2024-12-05 08:59:00'),(167,60.67,30.27,'2024-12-05 08:59:04'),(168,60.86,30.57,'2024-12-05 08:59:08'),(169,60.03,30.29,'2024-12-05 08:59:12'),(170,60.78,31.21,'2024-12-05 08:59:16'),(171,61,30.83,'2024-12-05 08:59:20'),(172,60.44,30.8,'2024-12-05 08:59:24'),(173,60.67,30.6,'2024-12-05 08:59:28'),(174,60.77,30.13,'2024-12-05 08:59:32'),(175,60.71,31.7,'2024-12-05 08:59:36'),(176,60.12,30.52,'2024-12-05 08:59:40'),(177,60.09,30.44,'2024-12-05 08:59:44'),(178,60.23,31.79,'2024-12-05 08:59:48'),(179,60.25,30.17,'2024-12-05 08:59:52'),(180,60.91,31.26,'2024-12-05 08:59:56'),(181,60.21,31.4,'2024-12-05 09:00:00'),(182,60.14,31.62,'2024-12-05 09:00:04'),(183,60.93,31.37,'2024-12-05 09:00:08'),(184,60.19,30.26,'2024-12-05 09:00:12'),(185,60.85,31.39,'2024-12-05 09:00:16'),(186,60.87,31.42,'2024-12-05 09:00:20'),(187,60.87,30.87,'2024-12-05 09:00:24'),(188,60.02,30.6,'2024-12-05 09:00:28'),(189,60.81,31.06,'2024-12-05 09:00:32'),(190,60.02,31.73,'2024-12-05 09:00:36'),(191,60.19,31.82,'2024-12-05 09:00:40'),(192,61,31.44,'2024-12-05 09:00:44'),(193,60.87,30.37,'2024-12-05 09:00:48'),(194,60.9,30.33,'2024-12-05 09:00:52'),(195,60.11,31.03,'2024-12-05 09:00:56'),(196,60.34,31.88,'2024-12-05 09:01:00'),(197,60.24,31.87,'2024-12-05 09:01:04'),(198,60.85,30.62,'2024-12-05 09:01:08'),(199,60.37,30.94,'2024-12-05 09:01:12'),(200,60.34,30.49,'2024-12-05 09:01:16'),(201,60.07,30.58,'2024-12-05 09:01:20'),(202,60.82,31.72,'2024-12-05 09:01:24'),(203,60.07,30.78,'2024-12-05 09:01:28'),(204,60.34,30.27,'2024-12-05 09:01:32'),(205,60.25,30.11,'2024-12-05 09:01:36'),(206,60.35,30.97,'2024-12-05 09:01:40'),(207,60.81,31.08,'2024-12-05 09:01:44'),(208,60.87,31.33,'2024-12-05 09:01:48'),(209,60.77,31.31,'2024-12-05 09:01:52'),(210,60.62,30.98,'2024-12-05 09:01:56'),(211,60.49,30.76,'2024-12-05 09:02:00'),(212,60.82,30.76,'2024-12-05 09:02:04'),(213,60.74,30.3,'2024-12-05 09:02:08'),(214,60.12,31.29,'2024-12-05 09:02:12'),(215,60.05,30.07,'2024-12-05 09:02:16'),(216,60.44,31.19,'2024-12-05 09:02:20'),(217,60.29,30.78,'2024-12-05 09:02:24'),(218,60.45,31.01,'2024-12-05 09:02:28'),(219,60.2,30.53,'2024-12-05 09:02:32'),(220,60.06,32,'2024-12-05 09:02:36'),(221,60.9,30.78,'2024-12-05 09:02:40'),(222,60.93,30.62,'2024-12-05 09:02:44'),(223,60.05,31.1,'2024-12-05 09:02:48'),(224,60.62,30.02,'2024-12-05 09:02:52'),(225,60.34,31.57,'2024-12-05 09:02:56'),(226,60.46,30.43,'2024-12-05 09:03:00'),(227,60.59,30.73,'2024-12-05 09:03:04'),(228,60.93,31.08,'2024-12-05 09:03:08'),(229,60.45,30.53,'2024-12-05 09:03:12'),(230,60.65,31.22,'2024-12-05 09:03:16'),(231,60.17,30.26,'2024-12-05 09:03:20'),(232,60.99,31.82,'2024-12-05 09:03:24'),(233,60.67,30.15,'2024-12-05 09:03:28'),(234,60.63,30.15,'2024-12-05 09:03:32'),(235,60.45,30.35,'2024-12-05 09:03:36'),(236,60.38,31.67,'2024-12-05 09:03:40'),(237,60.85,31.55,'2024-12-05 09:03:44'),(238,60.29,31.19,'2024-12-05 09:03:48'),(239,60.7,31.36,'2024-12-05 09:03:52'),(240,60.63,31.98,'2024-12-05 09:03:56'),(241,60.42,30.93,'2024-12-05 09:04:00'),(242,60.82,30.5,'2024-12-05 09:04:04'),(243,60.68,31.71,'2024-12-05 09:04:08'),(244,60.58,31.27,'2024-12-05 09:04:12'),(245,60.5,30.94,'2024-12-05 09:04:16'),(246,60.86,30.92,'2024-12-05 09:04:20'),(247,60.08,30.38,'2024-12-05 09:04:24'),(248,60.65,30.12,'2024-12-05 09:04:28'),(249,60.68,31.68,'2024-12-05 09:04:32'),(250,60.58,30.4,'2024-12-05 09:04:36'),(251,60.96,30.02,'2024-12-05 09:04:40'),(252,60.53,31.1,'2024-12-05 09:04:44'),(253,60.68,32,'2024-12-05 09:04:48'),(254,60.42,30.07,'2024-12-05 09:04:52'),(255,60.05,31.09,'2024-12-05 09:04:56'),(256,60.02,30.44,'2024-12-05 09:05:00'),(257,60.11,30.1,'2024-12-05 09:05:04'),(258,60.35,31.18,'2024-12-05 09:05:08'),(259,60.22,31.46,'2024-12-05 09:05:12'),(260,60.93,30.69,'2024-12-05 09:05:16'),(261,60.7,30.03,'2024-12-05 09:05:20'),(262,60.15,30.23,'2024-12-05 09:05:24'),(263,60.28,31.9,'2024-12-05 09:05:28'),(264,60.36,30.94,'2024-12-05 09:05:32'),(265,60.95,30.62,'2024-12-05 09:05:36'),(266,60.54,31.61,'2024-12-05 09:05:40'),(267,60.15,30.43,'2024-12-05 09:05:44'),(268,60.49,30.61,'2024-12-05 09:05:48'),(269,60.21,30.28,'2024-12-05 09:05:52'),(270,60.71,31.66,'2024-12-05 09:05:56'),(271,60.33,30.75,'2024-12-05 09:06:00'),(272,60.28,31.5,'2024-12-05 09:06:04'),(273,60.62,31.59,'2024-12-05 09:06:08'),(274,60.69,30.5,'2024-12-05 09:06:12'),(275,60.18,30.09,'2024-12-05 09:06:16'),(276,60.7,30.62,'2024-12-05 09:06:20'),(277,60.66,31.53,'2024-12-05 09:06:24'),(278,60.6,31.7,'2024-12-05 09:06:28'),(279,60.17,30.85,'2024-12-05 09:06:32'),(280,60.57,30.1,'2024-12-05 09:06:36'),(281,60.55,31.11,'2024-12-05 09:06:40'),(282,60.01,31.84,'2024-12-05 09:06:44'),(283,60.6,31.68,'2024-12-05 09:06:48'),(284,60.32,31.32,'2024-12-05 09:06:52'),(285,60.9,31.41,'2024-12-05 09:06:56'),(286,60.11,31.84,'2024-12-05 09:07:00'),(287,60.24,30.85,'2024-12-05 09:07:04'),(288,60.3,30.38,'2024-12-05 09:07:08'),(289,60.12,30.22,'2024-12-05 09:07:12'),(290,60.17,30.63,'2024-12-05 09:07:16'),(291,60.04,31.53,'2024-12-05 09:07:20'),(292,60.87,30.18,'2024-12-05 09:07:24'),(293,60.43,30.4,'2024-12-05 09:07:28'),(294,60.73,30.25,'2024-12-05 09:07:32'),(295,60.07,30.15,'2024-12-05 09:07:36'),(296,60.76,30.02,'2024-12-05 09:07:40'),(297,60.94,31.61,'2024-12-05 09:07:44'),(298,60.1,32,'2024-12-05 09:07:48'),(299,60.01,31.26,'2024-12-05 09:07:52'),(300,60.89,31.63,'2024-12-05 09:07:56'),(301,60,31.19,'2024-12-05 09:08:00'),(302,60.93,30.25,'2024-12-05 09:08:04'),(303,60.81,30.66,'2024-12-05 09:08:08'),(304,60.36,31.71,'2024-12-05 09:08:12'),(305,60.27,30.72,'2024-12-05 09:08:16'),(306,60.49,31.86,'2024-12-05 09:08:20'),(307,60.54,31.32,'2024-12-05 09:08:24'),(308,60.58,31.91,'2024-12-05 09:08:28'),(309,60.19,31.47,'2024-12-05 09:08:32'),(310,60.05,31.66,'2024-12-05 09:08:36'),(311,60.51,30.84,'2024-12-05 09:08:40'),(312,60.91,31.02,'2024-12-05 09:08:44'),(313,60.69,31.81,'2024-12-05 09:08:48'),(314,60.96,30.5,'2024-12-05 09:08:52'),(315,60.9,30.23,'2024-12-05 09:08:56'),(316,60.44,31.27,'2024-12-05 09:09:00'),(317,60.72,30.84,'2024-12-05 09:09:04'),(318,60.49,30.35,'2024-12-05 09:09:08'),(319,60.3,30.57,'2024-12-05 09:09:12'),(320,60.6,31.82,'2024-12-05 09:09:16'),(321,60.52,30.58,'2024-12-05 09:09:20'),(322,60.85,30.84,'2024-12-05 09:09:24'),(323,60.57,30.66,'2024-12-05 09:09:28'),(324,60.22,31.59,'2024-12-05 09:09:32'),(325,60.88,30.43,'2024-12-05 09:09:36'),(326,60.53,30.84,'2024-12-05 09:09:40'),(327,60.22,30.69,'2024-12-05 09:09:44'),(328,60.24,31.91,'2024-12-05 09:09:48'),(329,60.29,31.88,'2024-12-05 09:09:52'),(330,60.5,30.52,'2024-12-05 09:09:56'),(331,60.75,31.31,'2024-12-05 09:10:00'),(332,60.28,31.33,'2024-12-05 09:10:04'),(333,60.85,30.94,'2024-12-05 09:10:08'),(334,60.48,30.13,'2024-12-05 09:10:12'),(335,60.34,30.42,'2024-12-05 09:10:16'),(336,60.24,30.94,'2024-12-05 09:10:20'),(337,60.62,30.44,'2024-12-05 09:10:24'),(338,60.05,31.51,'2024-12-05 09:10:28'),(339,60.73,30.9,'2024-12-05 09:10:32'),(340,60.79,30.76,'2024-12-05 09:10:36'),(341,60.11,31.4,'2024-12-05 09:10:40'),(342,60.66,30.59,'2024-12-05 09:10:44'),(343,60.21,30.31,'2024-12-05 09:10:48'),(344,60.4,30.75,'2024-12-05 09:10:52'),(345,60.11,30.54,'2024-12-05 09:10:56'),(346,60.35,31.2,'2024-12-05 09:11:00'),(347,60.34,31.51,'2024-12-05 09:11:04'),(348,60.22,31.37,'2024-12-05 09:11:08'),(349,60.29,30.06,'2024-12-05 09:11:12'),(350,60.82,31.31,'2024-12-05 09:11:16'),(351,60.11,30.09,'2024-12-05 09:11:20'),(352,60.43,31.1,'2024-12-05 09:11:24'),(353,60.57,31.19,'2024-12-05 09:11:28'),(354,60.95,30.07,'2024-12-05 09:11:32'),(355,60.98,31.56,'2024-12-05 09:11:36'),(356,60.19,31.82,'2024-12-05 09:11:40'),(357,60.43,31.48,'2024-12-05 09:11:44'),(358,60.82,30.6,'2024-12-05 09:11:48'),(359,60.27,30.16,'2024-12-05 09:11:52'),(360,60.32,30.97,'2024-12-05 09:11:56'),(361,60.64,31.42,'2024-12-05 09:12:00'),(362,60.03,31.01,'2024-12-05 09:12:04'),(363,60.29,31.1,'2024-12-05 09:12:08'),(364,60.95,31.29,'2024-12-05 09:12:12'),(365,60.02,30.74,'2024-12-05 09:12:16'),(366,60.85,30.28,'2024-12-05 09:12:20'),(367,60.41,30.8,'2024-12-05 09:12:24'),(368,60.67,31.28,'2024-12-05 09:12:28'),(369,60.65,30.04,'2024-12-05 09:12:32'),(370,60.43,30.16,'2024-12-05 09:12:36'),(371,60.61,30.64,'2024-12-05 09:12:40'),(372,60.33,31.63,'2024-12-05 09:12:44'),(373,60.24,31.89,'2024-12-05 09:12:48'),(374,60.3,30.38,'2024-12-05 09:12:52'),(375,60.22,30.42,'2024-12-05 09:12:56'),(376,60.25,31.38,'2024-12-05 09:13:00'),(377,60.64,31.05,'2024-12-05 09:13:04'),(378,60.53,31.82,'2024-12-05 09:13:08'),(379,60.44,31.87,'2024-12-05 09:13:12'),(380,60.5,30.2,'2024-12-05 09:13:16'),(381,60.01,30.85,'2024-12-05 09:13:20'),(382,60.84,31.42,'2024-12-05 09:13:24'),(383,60.26,31.08,'2024-12-05 09:13:28'),(384,60.87,31.02,'2024-12-05 09:13:32'),(385,60.19,30.27,'2024-12-05 09:13:36'),(386,60.59,30.31,'2024-12-05 09:13:40'),(387,60.49,31.5,'2024-12-05 09:13:44'),(388,60.23,30.77,'2024-12-05 09:13:48'),(389,60.92,31.3,'2024-12-05 09:13:52'),(390,60.41,31.85,'2024-12-05 09:13:56'),(391,60.87,30.04,'2024-12-05 09:14:00'),(392,60.4,31.12,'2024-12-05 09:14:04'),(393,60.17,31.27,'2024-12-05 09:14:08'),(394,60.03,31.53,'2024-12-05 09:14:12'),(395,60.12,31.98,'2024-12-05 09:14:16'),(396,60.67,30.6,'2024-12-05 09:14:20'),(397,60.66,30.62,'2024-12-05 09:14:24'),(398,60.85,31.52,'2024-12-05 09:14:28'),(399,60.16,30.05,'2024-12-05 09:14:32'),(400,60.07,31.87,'2024-12-05 09:14:36'),(401,60.04,30.87,'2024-12-05 09:14:40'),(402,60.55,30.73,'2024-12-05 09:14:44'),(403,60.45,30.43,'2024-12-05 09:14:48'),(404,60.74,31.39,'2024-12-05 09:14:52'),(405,60.35,30.4,'2024-12-05 09:14:56'),(406,60.18,30.38,'2024-12-05 09:15:00'),(407,60.71,31.24,'2024-12-05 09:15:04'),(408,60.54,30,'2024-12-05 09:15:08'),(409,60.27,30.35,'2024-12-05 09:15:12'),(410,60.76,31.76,'2024-12-05 09:15:16'),(411,60.79,30.56,'2024-12-05 09:15:20'),(412,60.79,30.27,'2024-12-05 09:15:24'),(413,60.03,30.19,'2024-12-05 09:15:28'),(414,60.63,30.76,'2024-12-05 09:15:32'),(415,60.6,31.27,'2024-12-05 09:15:36'),(416,60.06,31.58,'2024-12-05 09:15:40'),(417,60.25,30.9,'2024-12-05 09:15:44'),(418,60.66,31.91,'2024-12-05 09:15:48'),(419,60.97,30.61,'2024-12-05 09:15:52'),(420,60.24,31.27,'2024-12-05 09:15:56'),(421,60.02,30.21,'2024-12-05 09:16:00'),(422,60.17,31.37,'2024-12-05 09:16:04'),(423,60.09,31.53,'2024-12-05 09:16:08'),(424,60.64,31.95,'2024-12-05 09:16:12'),(425,60.09,31.3,'2024-12-05 09:16:16'),(426,60.62,30.84,'2024-12-05 09:16:20'),(427,60.92,30.54,'2024-12-05 09:16:24'),(428,60.42,31.12,'2024-12-05 09:16:28'),(429,60.81,30.2,'2024-12-05 09:16:32'),(430,60.97,31.05,'2024-12-05 09:16:36'),(431,60.73,31.58,'2024-12-05 09:16:40'),(432,60.56,31.32,'2024-12-05 09:16:44'),(433,60.11,31.95,'2024-12-05 09:16:48'),(434,60.06,31.54,'2024-12-05 09:16:52'),(435,60.98,30.91,'2024-12-05 09:16:56'),(436,60.56,31.62,'2024-12-05 09:17:00'),(437,60.25,30.2,'2024-12-05 09:17:04'),(438,60.58,30.67,'2024-12-05 09:17:08'),(439,61,30.15,'2024-12-05 09:17:12'),(440,60.59,31.53,'2024-12-05 09:17:16'),(441,60.44,31.06,'2024-12-05 09:17:20'),(442,60.99,30.92,'2024-12-05 09:17:24'),(443,60.61,30.57,'2024-12-05 09:17:28'),(444,60.83,31.84,'2024-12-05 09:17:32'),(445,60.26,31.4,'2024-12-05 09:17:36'),(446,60.48,30.82,'2024-12-05 09:17:40'),(447,61,31.94,'2024-12-05 09:17:44'),(448,60.55,30.27,'2024-12-05 09:17:48'),(449,60.81,31.52,'2024-12-05 09:17:52'),(450,60.74,31.64,'2024-12-05 09:17:56'),(451,60.76,30.57,'2024-12-05 09:18:00'),(452,60.04,31.1,'2024-12-05 09:18:04'),(453,60.65,31.59,'2024-12-05 09:18:08'),(454,60.46,30.76,'2024-12-05 09:18:12'),(455,60.14,30.68,'2024-12-05 09:18:16'),(456,60.84,31.32,'2024-12-05 09:18:20'),(457,60.49,31,'2024-12-05 09:18:24'),(458,60.38,31.13,'2024-12-05 09:18:28'),(459,60.84,31.15,'2024-12-05 09:18:32'),(460,60.99,31.08,'2024-12-05 09:18:36'),(461,60.16,30.72,'2024-12-05 09:18:40'),(462,60.06,31.67,'2024-12-05 09:18:44'),(463,60.98,30.82,'2024-12-05 09:18:48'),(464,60.51,30.82,'2024-12-05 09:18:52'),(465,60.08,30.99,'2024-12-05 09:18:56'),(466,60.4,31.34,'2024-12-05 09:19:00'),(467,60.6,30.78,'2024-12-05 09:19:04'),(468,60.26,31.45,'2024-12-05 09:19:08'),(469,60.75,30.55,'2024-12-05 09:19:12'),(470,60.24,30.71,'2024-12-05 09:19:16'),(471,60.23,31.29,'2024-12-05 09:19:20'),(472,60.59,30.16,'2024-12-05 09:19:24'),(473,60.6,31.18,'2024-12-05 09:19:28'),(474,60.99,30.7,'2024-12-05 09:19:32'),(475,60.83,31.69,'2024-12-05 09:19:36'),(476,60.48,31.58,'2024-12-05 09:19:40'),(477,60.39,30.61,'2024-12-05 09:19:44'),(478,60.66,31.36,'2024-12-05 09:19:48'),(479,60.4,31.54,'2024-12-05 09:19:52'),(480,60.75,30.9,'2024-12-05 09:19:56'),(481,60.39,31.61,'2024-12-05 09:20:00'),(482,60.9,31.85,'2024-12-05 09:20:04'),(483,60.12,30.06,'2024-12-05 09:20:08'),(484,60.57,30.27,'2024-12-05 09:20:12'),(485,60.07,31.62,'2024-12-05 09:20:16'),(486,60.16,31.85,'2024-12-05 09:20:20'),(487,60.1,31.3,'2024-12-05 09:20:24'),(488,60.52,30.94,'2024-12-05 09:20:28'),(489,60.83,30.49,'2024-12-05 09:20:32'),(490,60.09,31.7,'2024-12-05 09:20:36'),(491,60.07,31.17,'2024-12-05 09:20:40'),(492,60.46,30.24,'2024-12-05 09:20:44'),(493,60.34,31.42,'2024-12-05 09:20:48'),(494,60.07,30.9,'2024-12-05 09:20:52'),(495,60.93,30.88,'2024-12-05 09:20:56'),(496,60.65,31.06,'2024-12-05 09:21:00'),(497,60.88,31.92,'2024-12-05 09:21:04'),(498,60.49,31.49,'2024-12-05 09:21:08'),(499,60.81,31.84,'2024-12-05 09:21:12'),(500,60.14,30.18,'2024-12-05 09:21:16'),(501,60.36,31,'2024-12-05 09:21:20'),(502,60.02,30.4,'2024-12-05 09:21:24'),(503,60.73,31.71,'2024-12-05 09:21:28'),(504,60.87,31.65,'2024-12-05 09:21:32'),(505,60.37,30.37,'2024-12-05 09:21:36'),(506,60.37,30.68,'2024-12-05 09:21:40'),(507,60.1,30.09,'2024-12-05 09:21:44'),(508,60.64,30.16,'2024-12-05 09:21:48'),(509,60.29,31.04,'2024-12-05 09:21:52'),(510,60.16,30.28,'2024-12-05 09:21:56'),(511,60.16,31.59,'2024-12-05 09:22:00'),(512,60.71,31.86,'2024-12-05 09:22:04'),(513,60.22,31.45,'2024-12-05 09:22:08'),(514,60.61,30.79,'2024-12-05 09:22:12'),(515,60.61,30.27,'2024-12-05 09:22:16'),(516,60.93,30.62,'2024-12-05 09:22:20'),(517,60.47,31.97,'2024-12-05 09:22:24'),(518,60.26,30.51,'2024-12-05 09:22:28'),(519,60.74,30.16,'2024-12-05 09:22:32'),(520,60.44,30.28,'2024-12-05 09:22:36'),(521,60.24,31.38,'2024-12-05 09:22:40'),(522,60,31.89,'2024-12-05 09:22:44'),(523,60.01,30.62,'2024-12-05 09:22:48'),(524,60.83,30.34,'2024-12-05 09:22:52'),(525,60.67,31.76,'2024-12-05 09:22:56'),(526,60.65,31.95,'2024-12-05 09:23:00'),(527,60.36,30.91,'2024-12-05 09:23:04'),(528,60.7,31.09,'2024-12-05 09:23:08'),(529,60.6,30.01,'2024-12-05 09:23:12'),(530,60.53,30.3,'2024-12-05 09:23:16'),(531,60.71,31.34,'2024-12-05 09:23:20'),(532,60.41,31.7,'2024-12-05 09:23:24'),(533,60.01,31.81,'2024-12-05 09:23:28'),(534,60.07,31.91,'2024-12-05 09:23:32'),(535,60.26,31.92,'2024-12-05 09:23:36'),(536,60.99,31.57,'2024-12-05 09:23:40'),(537,60.63,31,'2024-12-05 09:23:44'),(538,60.43,30.22,'2024-12-05 09:23:48'),(539,60.43,31.42,'2024-12-05 09:23:52'),(540,60.15,31.79,'2024-12-05 09:23:56'),(541,60.91,30.71,'2024-12-05 09:24:00'),(542,60.99,30.31,'2024-12-05 09:24:04'),(543,60.03,30.42,'2024-12-05 09:24:08'),(544,60.09,30.68,'2024-12-05 09:24:12'),(545,60.43,30.23,'2024-12-05 09:24:16'),(546,60.35,31.23,'2024-12-05 09:24:20'),(547,60.74,31.07,'2024-12-05 09:24:24'),(548,60.96,31.26,'2024-12-05 09:24:28'),(549,60.91,30.22,'2024-12-05 09:24:32'),(550,60.28,31.98,'2024-12-05 09:24:36'),(551,60.89,31.19,'2024-12-05 09:24:40'),(552,60.98,31.16,'2024-12-05 09:24:44'),(553,60.29,31.09,'2024-12-05 09:24:48'),(554,60.59,30.33,'2024-12-05 09:24:52'),(555,60.25,31.54,'2024-12-05 09:24:56'),(556,60.08,31.95,'2024-12-05 09:25:00'),(557,60.5,30.36,'2024-12-05 09:25:04'),(558,60.38,30.36,'2024-12-05 09:25:08'),(559,60.22,30.38,'2024-12-05 09:25:12'),(560,60.36,30.49,'2024-12-05 09:25:16'),(561,60.02,30.99,'2024-12-05 09:25:20'),(562,60.99,31.31,'2024-12-05 09:25:24'),(563,60.18,30.21,'2024-12-05 09:25:28'),(564,60.81,30.2,'2024-12-05 09:25:32'),(565,60.15,30.53,'2024-12-05 09:25:36'),(566,60.5,31.46,'2024-12-05 09:25:40'),(567,60.11,31.55,'2024-12-05 09:25:44'),(568,60.54,30.8,'2024-12-05 09:25:48'),(569,60.07,31.06,'2024-12-05 09:25:52'),(570,60.96,31.51,'2024-12-05 09:25:56'),(571,60.95,31.27,'2024-12-05 09:26:00'),(572,60.37,31.14,'2024-12-05 09:26:04'),(573,60.59,31.82,'2024-12-05 09:26:08'),(574,60.41,30.44,'2024-12-05 09:26:12'),(575,60.99,31.68,'2024-12-05 09:26:16'),(576,60.01,30.99,'2024-12-05 09:26:20'),(577,60.52,30.03,'2024-12-05 09:26:24'),(578,60.41,31.78,'2024-12-05 09:26:28'),(579,60.57,31.63,'2024-12-05 09:26:32'),(580,60.82,30.01,'2024-12-05 09:26:36'),(581,60.62,30.8,'2024-12-05 09:26:40'),(582,60.58,31.27,'2024-12-05 09:26:44'),(583,60.22,31.01,'2024-12-05 09:26:48'),(584,61,30.48,'2024-12-05 09:26:52'),(585,60.38,30.18,'2024-12-05 09:26:56'),(586,60.74,31.15,'2024-12-05 09:27:00'),(587,60.31,30.67,'2024-12-05 09:27:04'),(588,60.42,31.96,'2024-12-05 09:27:08'),(589,60.25,31.1,'2024-12-05 09:27:12'),(590,60.09,30.86,'2024-12-05 09:27:16'),(591,60.64,31.89,'2024-12-05 09:27:20'),(592,60.55,30.33,'2024-12-05 09:27:24'),(593,60.91,30.8,'2024-12-05 09:27:28'),(594,61,31.87,'2024-12-05 09:27:32'),(595,60.13,31.04,'2024-12-05 09:27:36'),(596,60.67,31.1,'2024-12-05 09:27:40'),(597,60.91,30.68,'2024-12-05 09:27:44'),(598,60.23,30.89,'2024-12-05 09:27:48'),(599,60.54,31.36,'2024-12-05 09:27:52'),(600,60.38,30.74,'2024-12-05 09:27:56'),(601,60.19,30.09,'2024-12-05 09:28:00'),(602,60.9,31.62,'2024-12-05 09:28:04'),(603,60.99,31.32,'2024-12-05 09:28:08'),(604,60.07,31.67,'2024-12-05 09:28:12'),(605,60.22,30.34,'2024-12-05 09:28:16'),(606,60.49,31.25,'2024-12-05 09:28:20'),(607,60.03,31.48,'2024-12-05 09:28:24'),(608,60.86,31.84,'2024-12-05 09:28:28'),(609,60.8,30.32,'2024-12-05 09:28:32'),(610,60.83,31.73,'2024-12-05 09:28:36'),(611,60.58,30.52,'2024-12-05 09:28:40'),(612,60.73,31.11,'2024-12-05 09:28:44'),(613,60.9,30.95,'2024-12-05 09:28:48'),(614,60.04,31.19,'2024-12-05 09:28:52'),(615,60.4,32,'2024-12-05 09:28:56'),(616,60.02,31.65,'2024-12-05 09:29:00'),(617,60.87,31.28,'2024-12-05 09:29:04'),(618,60.3,31.62,'2024-12-05 09:29:08'),(619,60.53,30.86,'2024-12-05 09:29:12'),(620,60.13,31.99,'2024-12-05 09:29:16'),(621,60.09,30.64,'2024-12-05 09:29:20'),(622,60.51,30.36,'2024-12-05 09:29:24'),(623,60.43,30.07,'2024-12-05 09:29:28'),(624,60.62,30.45,'2024-12-05 09:29:32'),(625,60.31,31.53,'2024-12-05 09:29:36'),(626,60.74,31.07,'2024-12-05 09:29:40'),(627,60.71,31.04,'2024-12-05 09:29:44'),(628,60.15,30.59,'2024-12-05 09:29:48'),(629,60.48,31.38,'2024-12-05 09:29:52'),(630,60.94,31.36,'2024-12-05 09:29:56'),(631,60.87,30.57,'2024-12-05 09:30:00'),(632,60.8,31.27,'2024-12-05 09:30:04'),(633,60.77,30.81,'2024-12-05 09:30:08'),(634,60.16,31.87,'2024-12-05 09:30:12'),(635,60.39,30.19,'2024-12-05 09:30:16'),(636,60.06,30.51,'2024-12-05 09:30:20'),(637,60.13,31.08,'2024-12-05 09:30:24'),(638,60.94,30.38,'2024-12-05 09:30:28'),(639,60.15,31.11,'2024-12-05 09:30:32'),(640,60.42,30.74,'2024-12-05 09:30:36'),(641,60.4,31.21,'2024-12-05 09:30:40'),(642,60.75,30.53,'2024-12-05 09:30:44'),(643,60.98,31.72,'2024-12-05 09:30:48'),(644,60.03,30.37,'2024-12-05 09:30:52'),(645,60.16,30.76,'2024-12-05 09:30:56'),(646,60.99,31.13,'2024-12-05 09:31:00'),(647,60.52,31.28,'2024-12-05 09:31:04'),(648,60.6,31.51,'2024-12-05 09:31:08'),(649,60.58,31.69,'2024-12-05 09:31:12'),(650,60.45,31.18,'2024-12-05 09:31:16'),(651,60.88,30.59,'2024-12-05 09:31:20'),(652,60.11,30.52,'2024-12-05 09:31:24'),(653,60.54,31.68,'2024-12-05 09:31:28'),(654,60.2,31.01,'2024-12-05 09:31:32');
/*!40000 ALTER TABLE `sensor` ENABLE KEYS */;
UNLOCK TABLES;

--
-- Table structure for table `users`
--

DROP TABLE IF EXISTS `users`;
/*!40101 SET @saved_cs_client     = @@character_set_client */;
/*!40101 SET character_set_client = utf8 */;
CREATE TABLE `users` (
  `idx` int(11) NOT NULL AUTO_INCREMENT,
  `id` varchar(255) NOT NULL,
  `pass` varchar(255) NOT NULL,
  `name` varchar(100) NOT NULL,
  PRIMARY KEY (`idx`),
  UNIQUE KEY `id` (`id`)
) ENGINE=InnoDB AUTO_INCREMENT=5 DEFAULT CHARSET=utf8mb4 COLLATE=utf8mb4_general_ci;
/*!40101 SET character_set_client = @saved_cs_client */;

--
-- Dumping data for table `users`
--

LOCK TABLES `users` WRITE;
/*!40000 ALTER TABLE `users` DISABLE KEYS */;
INSERT INTO `users` VALUES (1,'test','abcd','테스터'),(2,'hong','cdef','홍길동'),(3,'admin','abcd','관리자'),(4,'kim','cdef','김개똥');
/*!40000 ALTER TABLE `users` ENABLE KEYS */;
UNLOCK TABLES;
/*!40103 SET TIME_ZONE=@OLD_TIME_ZONE */;

/*!40101 SET SQL_MODE=@OLD_SQL_MODE */;
/*!40014 SET FOREIGN_KEY_CHECKS=@OLD_FOREIGN_KEY_CHECKS */;
/*!40014 SET UNIQUE_CHECKS=@OLD_UNIQUE_CHECKS */;
/*!40101 SET CHARACTER_SET_CLIENT=@OLD_CHARACTER_SET_CLIENT */;
/*!40101 SET CHARACTER_SET_RESULTS=@OLD_CHARACTER_SET_RESULTS */;
/*!40101 SET COLLATION_CONNECTION=@OLD_COLLATION_CONNECTION */;
/*!40111 SET SQL_NOTES=@OLD_SQL_NOTES */;

-- Dump completed on 2024-12-05 15:56:10
